,precision,recall,f1-score,support
elevee,1.0,0.6666666666666666,0.8,3.0
faible,0.9096385542168675,0.9151515151515152,0.9123867069486404,165.0
industriel,0.0,0.0,0.0,2.0
moyenne,0.8602150537634409,0.8888888888888888,0.8743169398907104,90.0
zone_industrielle,0.7272727272727273,0.6956521739130435,0.7111111111111111,23.0
accuracy,0.8798586572438163,0.8798586572438163,0.8798586572438163,0.8798586572438163
macro avg,0.6994252670506071,0.6332718489240228,0.6595629515900925,283.0
weighted avg,0.8736289364373341,0.8798586572438163,0.8762822854849652,283.0
