Model,Accuracy,F1_macro
RBF + SMOTE,0.8409893992932862,0.626052345789469
RBF + class_weight=balanced,0.7773851590106007,0.5319065520945221
