Model,Accuracy,F1_macro
SVM linéaire,0.823321554770318,0.6210257440261457
SVM polynomial (deg=3),0.8091872791519434,0.5556050575985636
SVM RBF,0.8975265017667845,0.5119265844601824
