Model,CV_Accuracy_mean,CV_Accuracy_std,CV_F1_macro_mean,CV_F1_macro_std
SVM linéaire,0.8299175500588929,0.00847466470557586,0.6210472048508167,0.03750087720418044
SVM polynomial (deg=3),0.7987093702227902,0.017438477545925077,0.5966488400613855,0.01987642734694097
SVM RBF,0.8979349923564645,0.018729153771919558,0.5498605058869492,0.03898365064562847
